order_id,customer_id,product_id,order_date,quantity,discount_pct
O00001,C0283,P038,2024-01-01,1,20
O00002,C0209,P039,2024-01-01,4,25
O00003,C0048,P021,2024-01-01,5,20
O00004,C0116,P023,2024-01-01,5,10
O00005,C0431,P047,2024-01-01,2,30
O00006,C0468,P066,2024-01-01,3,10
O00007,C0059,P029,2024-01-01,5,10
O00008,C0237,P016,2024-01-01,1,5
O00009,C0485,P026,2024-01-01,5,5
O00010,C0061,P018,2024-01-01,2,40
O00011,C0332,P031,2024-01-01,2,20
O00012,C0427,P064,2024-01-01,3,10
O00013,C0079,P004,2024-01-01,5,5
O00014,C0256,P047,2024-01-01,1,0
O00015,C0478,P071,2024-01-01,1,20
O00016,C0367,P074,2024-01-01,4,25
O00017,C0150,P048,2024-01-01,1,30
O00018,C0261,P060,2024-01-01,3,15
O00019,C0362,P071,2024-01-01,3,20
O00020,C0140,P017,2024-01-01,1,15
O00021,C0213,P079,2024-01-01,1,10
O00022,C0428,P012,2024-01-01,4,30
O00023,C0248,P009,2024-01-01,1,15
O00024,C0242,P040,2024-01-01,4,10
O00025,C0125,P051,2024-01-02,4,0
O00026,C0234,P062,2024-01-02,1,15
O00027,C0283,P068,2024-01-02,2,30
O00028,C0075,P053,2024-01-02,2,40
O00029,C0197,P053,2024-01-02,4,20
O00030,C0098,P074,2024-01-02,1,10
O00031,C0472,P010,2024-01-02,2,20
O00032,C0307,P017,2024-01-02,1,30
O00033,C0261,P041,2024-01-02,1,5
O00034,C0383,P010,2024-01-02,1,10
O00035,C0451,P058,2024-01-02,5,15
O00036,C0070,P060,2024-01-02,1,10
O00037,C0443,P067,2024-01-02,5,20
O00038,C0036,P045,2024-01-02,4,0
O00039,C0142,P017,2024-01-02,2,10
O00040,C0396,P071,2024-01-02,2,15
O00041,C0405,P076,2024-01-02,2,5
O00042,C0438,P024,2024-01-02,2,40
O00043,C0213,P017,2024-01-02,2,25
O00044,C0175,P056,2024-01-02,2,0
O00045,C0479,P065,2024-01-02,2,40
O00046,C0404,P008,2024-01-02,4,5
O00047,C0260,P016,2024-01-02,1,10
O00048,C0137,P067,2024-01-02,3,20
O00049,C0421,P020,2024-01-03,5,30
O00050,C0002,P039,2024-01-03,3,20
O00051,C0145,P022,2024-01-03,3,40
O00052,C0372,P021,2024-01-03,1,15
O00053,C0153,P042,2024-01-03,1,20
O00054,C0429,P029,2024-01-03,1,0
O00055,C0301,P045,2024-01-03,2,20
O00056,C0297,P067,2024-01-03,4,15
O00057,C0338,P037,2024-01-03,2,25
O00058,C0251,P011,2024-01-03,4,10
O00059,C0444,P033,2024-01-03,4,30
O00060,C0077,P026,2024-01-03,3,40
O00061,C0229,P071,2024-01-03,3,10
O00062,C0276,P036,2024-01-03,4,20
O00063,C0248,P017,2024-01-03,4,5
O00064,C0177,P039,2024-01-03,2,10
O00065,C0171,P079,2024-01-03,2,25
O00066,C0283,P069,2024-01-03,3,20
O00067,C0391,P012,2024-01-03,1,30
O00068,C0279,P065,2024-01-03,4,15
O00069,C0194,P022,2024-01-03,2,25
O00070,C0234,P076,2024-01-03,3,20
O00071,C0478,P075,2024-01-03,2,25
O00072,C0165,P020,2024-01-03,4,10
O00073,C0446,P022,2024-01-04,4,30
O00074,C0097,P080,2024-01-04,5,15
O00075,C0358,P078,2024-01-04,1,20
O00076,C0123,P044,2024-01-04,5,0
O00077,C0293,P073,2024-01-04,3,40
O00078,C0197,P006,2024-01-04,2,15
O00079,C0120,P004,2024-01-04,3,0
O00080,C0439,P011,2024-01-04,4,25
O00081,C0398,P006,2024-01-04,5,5
O00082,C0211,P074,2024-01-04,5,15
O00083,C0023,P034,2024-01-04,5,25
O00084,C0163,P027,2024-01-04,3,0
O00085,C0382,P074,2024-01-04,4,10
O00086,C0243,P054,2024-01-04,2,10
O00087,C0362,P080,2024-01-04,2,5
O00088,C0468,P004,2024-01-04,3,40
O00089,C0416,P064,2024-01-04,5,15
O00090,C0196,P070,2024-01-04,1,15
O00091,C0198,P038,2024-01-04,3,15
O00092,C0340,P039,2024-01-04,3,40
O00093,C0406,P062,2024-01-04,4,25
O00094,C0421,P032,2024-01-04,2,30
O00095,C0334,P052,2024-01-04,3,30
O00096,C0078,P039,2024-01-04,3,5
O00097,C0254,P059,2024-01-05,5,15
O00098,C0494,P010,2024-01-05,5,25
O00099,C0019,P008,2024-01-05,1,10
O00100,C0065,P021,2024-01-05,4,0
O00101,C0258,P057,2024-01-05,1,25
O00102,C0495,P054,2024-01-05,5,40
O00103,C0303,P062,2024-01-05,2,30
O00104,C0170,P060,2024-01-05,5,30
O00105,C0446,P027,2024-01-05,4,10
O00106,C0052,P044,2024-01-05,5,10
O00107,C0448,P078,2024-01-05,4,40
O00108,C0433,P019,2024-01-05,4,0
O00109,C0226,P041,2024-01-05,4,10
O00110,C0052,P041,2024-01-05,4,5
O00111,C0270,P045,2024-01-05,4,0
O00112,C0467,P052,2024-01-05,2,10
O00113,C0234,P017,2024-01-05,1,20
O00114,C0008,P048,2024-01-05,3,25
O00115,C0370,P066,2024-01-05,1,10
O00116,C0074,P072,2024-01-05,4,5
O00117,C0210,P014,2024-01-05,2,15
O00118,C0446,P041,2024-01-05,5,10
O00119,C0336,P031,2024-01-05,2,30
O00120,C0497,P060,2024-01-05,4,30
O00121,C0080,P016,2024-01-06,2,30
O00122,C0039,P035,2024-01-06,2,15
O00123,C0241,P058,2024-01-06,4,30
O00124,C0401,P032,2024-01-06,2,20
O00125,C0497,P019,2024-01-06,3,10
O00126,C0136,P013,2024-01-06,3,40
O00127,C0174,P007,2024-01-06,2,30
O00128,C0320,P038,2024-01-06,5,0
O00129,C0355,P050,2024-01-06,4,40
O00130,C0204,P079,2024-01-06,3,15
O00131,C0333,P054,2024-01-06,5,20
O00132,C0042,P032,2024-01-06,2,0
O00133,C0437,P021,2024-01-06,5,0
O00134,C0169,P042,2024-01-06,1,0
O00135,C0437,P074,2024-01-06,3,0
O00136,C0346,P041,2024-01-06,2,40
O00137,C0440,P025,2024-01-06,4,40
O00138,C0274,P021,2024-01-06,2,10
O00139,C0195,P064,2024-01-06,4,30
O00140,C0489,P066,2024-01-06,2,25
O00141,C0163,P060,2024-01-06,5,10
O00142,C0321,P064,2024-01-06,5,10
O00143,C0368,P040,2024-01-06,5,20
O00144,C0455,P064,2024-01-06,1,20
O00145,C0389,P003,2024-01-07,4,30
O00146,C0250,P012,2024-01-07,5,25
O00147,C0447,P051,2024-01-07,1,20
O00148,C0278,P065,2024-01-07,4,30
O00149,C0019,P059,2024-01-07,2,30
O00150,C0317,P031,2024-01-07,1,40
O00151,C0036,P028,2024-01-07,3,5
O00152,C0121,P075,2024-01-07,1,40
O00153,C0324,P046,2024-01-07,1,25
O00154,C0351,P007,2024-01-07,4,20
O00155,C0472,P007,2024-01-07,2,25
O00156,C0148,P037,2024-01-07,3,10
O00157,C0117,P064,2024-01-07,5,10
O00158,C0383,P077,2024-01-07,5,25
O00159,C0047,P061,2024-01-07,1,5
O00160,C0223,P037,2024-01-07,4,5
O00161,C0051,P069,2024-01-07,4,40
O00162,C0390,P002,2024-01-07,5,25
O00163,C0325,P014,2024-01-07,3,20
O00164,C0361,P056,2024-01-07,2,40
O00165,C0447,P018,2024-01-07,3,15
O00166,C0052,P034,2024-01-07,2,5
O00167,C0228,P047,2024-01-07,5,0
O00168,C0086,P052,2024-01-07,2,40
O00169,C0356,P047,2024-01-08,4,10
O00170,C0154,P006,2024-01-08,1,40
O00171,C0463,P052,2024-01-08,1,25
O00172,C0015,P007,2024-01-08,5,0
O00173,C0024,P073,2024-01-08,4,25
O00174,C0167,P072,2024-01-08,3,30
O00175,C0408,P025,2024-01-08,4,10
O00176,C0029,P047,2024-01-08,1,10
O00177,C0151,P071,2024-01-08,1,5
O00178,C0184,P037,2024-01-08,4,40
O00179,C0192,P010,2024-01-08,4,5
O00180,C0221,P050,2024-01-08,1,0
O00181,C0075,P065,2024-01-08,3,40
O00182,C0126,P058,2024-01-08,5,30
O00183,C0272,P071,2024-01-08,5,25
O00184,C0211,P036,2024-01-08,4,30
O00185,C0290,P080,2024-01-08,5,10
O00186,C0350,P079,2024-01-08,1,0
O00187,C0406,P016,2024-01-08,1,15
O00188,C0093,P017,2024-01-08,4,0
O00189,C0088,P013,2024-01-08,4,20
O00190,C0090,P051,2024-01-08,4,0
O00191,C0041,P048,2024-01-08,3,30
O00192,C0313,P044,2024-01-08,5,20
O00193,C0446,P072,2024-01-09,4,20
O00194,C0196,P047,2024-01-09,2,40
O00195,C0318,P019,2024-01-09,2,40
O00196,C0350,P026,2024-01-09,1,20
O00197,C0124,P078,2024-01-09,5,15
O00198,C0255,P066,2024-01-09,4,40
O00199,C0468,P052,2024-01-09,2,0
O00200,C0299,P065,2024-01-09,5,30
O00201,C0074,P006,2024-01-09,1,0
O00202,C0119,P006,2024-01-09,3,15
O00203,C0237,P005,2024-01-09,5,10
O00204,C0327,P018,2024-01-09,5,5
O00205,C0131,P043,2024-01-09,3,30
O00206,C0236,P061,2024-01-09,5,40
O00207,C0131,P067,2024-01-09,1,30
O00208,C0342,P059,2024-01-09,1,0
O00209,C0005,P020,2024-01-09,3,5
O00210,C0461,P078,2024-01-09,4,25
O00211,C0412,P066,2024-01-09,2,25
O00212,C0239,P018,2024-01-09,4,40
O00213,C0462,P042,2024-01-09,5,15
O00214,C0148,P079,2024-01-09,2,25
O00215,C0347,P041,2024-01-09,3,30
O00216,C0280,P021,2024-01-09,3,25
O00217,C0081,P051,2024-01-10,2,10
O00218,C0038,P079,2024-01-10,1,10
O00219,C0227,P039,2024-01-10,2,40
O00220,C0484,P076,2024-01-10,5,10
O00221,C0177,P044,2024-01-10,1,25
O00222,C0301,P065,2024-01-10,3,15
O00223,C0154,P066,2024-01-10,2,20
O00224,C0328,P069,2024-01-10,4,20
O00225,C0493,P063,2024-01-10,4,40
O00226,C0218,P073,2024-01-10,5,5
O00227,C0354,P039,2024-01-10,4,20
O00228,C0129,P061,2024-01-10,2,20
O00229,C0234,P003,2024-01-10,2,10
O00230,C0433,P048,2024-01-10,4,10
O00231,C0155,P043,2024-01-10,2,25
O00232,C0102,P015,2024-01-10,5,40
O00233,C0197,P054,2024-01-10,1,5
O00234,C0437,P075,2024-01-10,5,40
O00235,C0248,P040,2024-01-10,5,0
O00236,C0055,P004,2024-01-10,2,30
O00237,C0122,P077,2024-01-10,1,5
O00238,C0196,P061,2024-01-10,2,5
O00239,C0293,P034,2024-01-10,3,15
O00240,C0184,P075,2024-01-10,2,40
O00241,C0295,P074,2024-01-11,2,25
O00242,C0152,P030,2024-01-11,2,15
O00243,C0359,P007,2024-01-11,1,5
O00244,C0152,P075,2024-01-11,2,5
O00245,C0012,P062,2024-01-11,1,5
O00246,C0425,P022,2024-01-11,4,20
O00247,C0338,P068,2024-01-11,3,40
O00248,C0203,P080,2024-01-11,1,30
O00249,C0141,P049,2024-01-11,4,30
O00250,C0005,P019,2024-01-11,1,15
O00251,C0290,P032,2024-01-11,1,5
O00252,C0443,P005,2024-01-11,3,30
O00253,C0352,P074,2024-01-11,5,10
O00254,C0399,P015,2024-01-11,5,40
O00255,C0382,P025,2024-01-11,1,30
O00256,C0499,P003,2024-01-11,2,25
O00257,C0026,P057,2024-01-11,4,40
O00258,C0467,P041,2024-01-11,2,25
O00259,C0311,P054,2024-01-11,2,30
O00260,C0382,P020,2024-01-11,1,10
O00261,C0255,P053,2024-01-11,1,25
O00262,C0427,P027,2024-01-11,1,20
O00263,C0463,P053,2024-01-11,1,30
O00264,C0463,P065,2024-01-11,5,20
O00265,C0147,P079,2024-01-12,1,30
O00266,C0398,P061,2024-01-12,5,0
O00267,C0410,P008,2024-01-12,5,0
O00268,C0118,P018,2024-01-12,1,0
O00269,C0311,P067,2024-01-12,3,25
O00270,C0411,P027,2024-01-12,4,20
O00271,C0181,P072,2024-01-12,2,20
O00272,C0113,P042,2024-01-12,5,20
O00273,C0326,P062,2024-01-12,4,10
O00274,C0098,P068,2024-01-12,3,20
O00275,C0318,P049,2024-01-12,2,10
O00276,C0129,P041,2024-01-12,2,0
O00277,C0348,P023,2024-01-12,5,0
O00278,C0387,P059,2024-01-12,1,25
O00279,C0370,P069,2024-01-12,3,30
O00280,C0393,P044,2024-01-12,5,0
O00281,C0338,P070,2024-01-12,3,30
O00282,C0349,P046,2024-01-12,1,30
O00283,C0430,P034,2024-01-12,1,40
O00284,C0071,P079,2024-01-12,5,25
O00285,C0322,P062,2024-01-12,1,5
O00286,C0050,P025,2024-01-12,4,5
O00287,C0463,P032,2024-01-12,2,15
O00288,C0322,P036,2024-01-12,5,40
O00289,C0331,P072,2024-01-13,3,25
O00290,C0021,P039,2024-01-13,4,15
O00291,C0159,P029,2024-01-13,5,15
O00292,C0404,P039,2024-01-13,1,40
O00293,C0226,P037,2024-01-13,1,5
O00294,C0018,P027,2024-01-13,1,25
O00295,C0297,P063,2024-01-13,1,5
O00296,C0187,P041,2024-01-13,3,15
O00297,C0375,P062,2024-01-13,4,25
O00298,C0068,P045,2024-01-13,2,15
O00299,C0047,P072,2024-01-13,3,20
O00300,C0466,P036,2024-01-13,3,40
O00301,C0152,P037,2024-01-13,2,30
O00302,C0168,P016,2024-01-13,2,25
O00303,C0383,P074,2024-01-13,1,25
O00304,C0213,P070,2024-01-13,3,30
O00305,C0090,P049,2024-01-13,5,15
O00306,C0103,P051,2024-01-13,2,20
O00307,C0068,P045,2024-01-13,2,10
O00308,C0403,P019,2024-01-13,4,30
O00309,C0277,P038,2024-01-13,5,40
O00310,C0449,P006,2024-01-13,5,5
O00311,C0498,P037,2024-01-13,2,15
O00312,C0188,P011,2024-01-13,1,30
O00313,C0272,P045,2024-01-14,4,30
O00314,C0257,P057,2024-01-14,5,25
O00315,C0468,P033,2024-01-14,2,5
O00316,C0140,P062,2024-01-14,5,5
O00317,C0426,P028,2024-01-14,4,40
O00318,C0085,P026,2024-01-14,4,5
O00319,C0132,P069,2024-01-14,3,30
O00320,C0468,P035,2024-01-14,2,10
O00321,C0423,P072,2024-01-14,4,0
O00322,C0484,P035,2024-01-14,3,15
O00323,C0247,P018,2024-01-14,3,0
O00324,C0496,P014,2024-01-14,5,30
O00325,C0413,P079,2024-01-14,5,0
O00326,C0152,P076,2024-01-14,3,30
O00327,C0383,P031,2024-01-14,5,0
O00328,C0446,P032,2024-01-14,4,5
O00329,C0174,P007,2024-01-14,1,20
O00330,C0412,P068,2024-01-14,4,5
O00331,C0059,P029,2024-01-14,3,5
O00332,C0240,P030,2024-01-14,3,40
O00333,C0494,P007,2024-01-14,4,25
O00334,C0039,P013,2024-01-14,5,25
O00335,C0073,P053,2024-01-14,5,0
O00336,C0387,P043,2024-01-14,3,30
O00337,C0495,P061,2024-01-15,2,40
O00338,C0116,P013,2024-01-15,5,5
O00339,C0441,P018,2024-01-15,4,40
O00340,C0347,P001,2024-01-15,5,0
O00341,C0371,P071,2024-01-15,4,25
O00342,C0346,P021,2024-01-15,3,20
O00343,C0204,P053,2024-01-15,5,15
O00344,C0496,P061,2024-01-15,4,0
O00345,C0434,P062,2024-01-15,3,40
O00346,C0412,P026,2024-01-15,2,20
O00347,C0286,P037,2024-01-15,4,15
O00348,C0188,P042,2024-01-15,2,10
O00349,C0047,P037,2024-01-15,2,0
O00350,C0405,P008,2024-01-15,1,0
O00351,C0203,P012,2024-01-15,5,10
O00352,C0008,P074,2024-01-15,4,10
O00353,C0136,P030,2024-01-15,2,0
O00354,C0275,P069,2024-01-15,1,10
O00355,C0064,P005,2024-01-15,3,5
O00356,C0233,P023,2024-01-15,4,15
O00357,C0189,P054,2024-01-15,2,15
O00358,C0345,P023,2024-01-15,5,15
O00359,C0384,P005,2024-01-15,1,5
O00360,C0345,P051,2024-01-15,2,30
O00361,C0135,P064,2024-01-16,5,10
O00362,C0300,P024,2024-01-16,2,20
O00363,C0196,P038,2024-01-16,4,10
O00364,C0422,P005,2024-01-16,4,0
O00365,C0327,P002,2024-01-16,4,25
O00366,C0482,P039,2024-01-16,1,40
O00367,C0191,P073,2024-01-16,4,40
O00368,C0056,P078,2024-01-16,5,15
O00369,C0346,P014,2024-01-16,2,10
O00370,C0120,P043,2024-01-16,3,20
O00371,C0242,P037,2024-01-16,5,0
O00372,C0013,P059,2024-01-16,5,5
O00373,C0318,P070,2024-01-16,4,30
O00374,C0453,P068,2024-01-16,1,5
O00375,C0483,P064,2024-01-16,2,20
O00376,C0288,P018,2024-01-16,1,0
O00377,C0168,P065,2024-01-16,2,15
O00378,C0469,P060,2024-01-16,2,10
O00379,C0313,P035,2024-01-16,1,0
O00380,C0114,P025,2024-01-16,5,40
O00381,C0332,P015,2024-01-16,2,30
O00382,C0033,P043,2024-01-16,1,5
O00383,C0326,P021,2024-01-16,2,30
O00384,C0422,P059,2024-01-16,3,30
O00385,C0238,P033,2024-01-17,5,20
O00386,C0466,P024,2024-01-17,4,20
O00387,C0359,P002,2024-01-17,2,10
O00388,C0155,P044,2024-01-17,3,20
O00389,C0333,P038,2024-01-17,4,20
O00390,C0210,P073,2024-01-17,4,0
O00391,C0060,P025,2024-01-17,2,40
O00392,C0072,P023,2024-01-17,1,15
O00393,C0024,P079,2024-01-17,2,10
O00394,C0485,P052,2024-01-17,3,0
O00395,C0020,P055,2024-01-17,4,15
O00396,C0156,P066,2024-01-17,2,30
O00397,C0253,P042,2024-01-17,1,0
O00398,C0060,P012,2024-01-17,2,25
O00399,C0050,P052,2024-01-17,5,0
O00400,C0121,P013,2024-01-17,1,20
O00401,C0455,P024,2024-01-17,3,15
O00402,C0276,P018,2024-01-17,4,10
O00403,C0070,P062,2024-01-17,2,10
O00404,C0199,P042,2024-01-17,1,15
O00405,C0233,P032,2024-01-17,5,20
O00406,C0190,P001,2024-01-17,1,5
O00407,C0344,P034,2024-01-17,5,0
O00408,C0487,P050,2024-01-17,3,20
O00409,C0381,P031,2024-01-18,4,25
O00410,C0357,P058,2024-01-18,3,40
O00411,C0485,P035,2024-01-18,2,30
O00412,C0277,P043,2024-01-18,1,15
O00413,C0215,P039,2024-01-18,5,40
O00414,C0301,P075,2024-01-18,5,0
O00415,C0381,P074,2024-01-18,1,10
O00416,C0373,P002,2024-01-18,1,30
O00417,C0080,P034,2024-01-18,2,40
O00418,C0454,P047,2024-01-18,3,5
O00419,C0213,P031,2024-01-18,5,40
O00420,C0336,P008,2024-01-18,2,25
O00421,C0051,P016,2024-01-18,3,10
O00422,C0427,P060,2024-01-18,2,15
O00423,C0251,P040,2024-01-18,5,0
O00424,C0316,P021,2024-01-18,1,15
O00425,C0209,P052,2024-01-18,1,30
O00426,C0481,P065,2024-01-18,3,0
O00427,C0488,P040,2024-01-18,4,20
O00428,C0144,P016,2024-01-18,3,5
O00429,C0017,P038,2024-01-18,4,20
O00430,C0354,P048,2024-01-18,2,20
O00431,C0190,P079,2024-01-18,2,15
O00432,C0112,P029,2024-01-18,5,30
O00433,C0228,P029,2024-01-19,4,5
O00434,C0228,P018,2024-01-19,5,40
O00435,C0487,P062,2024-01-19,1,0
O00436,C0121,P020,2024-01-19,4,0
O00437,C0438,P059,2024-01-19,3,25
O00438,C0186,P078,2024-01-19,1,10
O00439,C0051,P048,2024-01-19,1,25
O00440,C0352,P054,2024-01-19,3,40
O00441,C0189,P071,2024-01-19,1,25
O00442,C0279,P061,2024-01-19,4,0
O00443,C0462,P069,2024-01-19,5,15
O00444,C0331,P028,2024-01-19,1,20
O00445,C0184,P032,2024-01-19,4,30
O00446,C0032,P077,2024-01-19,2,20
O00447,C0204,P011,2024-01-19,4,20
O00448,C0142,P068,2024-01-19,5,5
O00449,C0098,P058,2024-01-19,4,0
O00450,C0496,P068,2024-01-19,3,40
O00451,C0063,P047,2024-01-19,5,40
O00452,C0486,P010,2024-01-19,2,30
O00453,C0435,P073,2024-01-19,3,15
O00454,C0422,P015,2024-01-19,4,5
O00455,C0233,P008,2024-01-19,5,10
O00456,C0047,P071,2024-01-19,2,15
O00457,C0340,P065,2024-01-20,3,25
O00458,C0109,P026,2024-01-20,2,15
O00459,C0329,P074,2024-01-20,4,15
O00460,C0328,P069,2024-01-20,2,20
O00461,C0306,P020,2024-01-20,1,15
O00462,C0498,P022,2024-01-20,3,40
O00463,C0011,P042,2024-01-20,2,25
O00464,C0026,P067,2024-01-20,4,25
O00465,C0403,P057,2024-01-20,4,0
O00466,C0171,P015,2024-01-20,2,15
O00467,C0125,P027,2024-01-20,4,20
O00468,C0065,P075,2024-01-20,5,15
O00469,C0403,P063,2024-01-20,5,10
O00470,C0290,P012,2024-01-20,5,10
O00471,C0106,P066,2024-01-20,1,20
O00472,C0036,P058,2024-01-20,2,0
O00473,C0425,P008,2024-01-20,1,0
O00474,C0392,P059,2024-01-20,4,25
O00475,C0284,P017,2024-01-20,1,25
O00476,C0107,P066,2024-01-20,4,5
O00477,C0301,P054,2024-01-20,4,20
O00478,C0111,P059,2024-01-20,3,15
O00479,C0417,P073,2024-01-20,5,30
O00480,C0446,P008,2024-01-20,4,20
O00481,C0120,P072,2024-01-21,3,5
O00482,C0169,P060,2024-01-21,5,25
O00483,C0397,P040,2024-01-21,4,20
O00484,C0076,P003,2024-01-21,4,20
O00485,C0404,P051,2024-01-21,1,25
O00486,C0462,P033,2024-01-21,1,40
O00487,C0306,P001,2024-01-21,5,5
O00488,C0002,P028,2024-01-21,4,25
O00489,C0142,P075,2024-01-21,2,0
O00490,C0440,P010,2024-01-21,1,15
O00491,C0075,P006,2024-01-21,5,25
O00492,C0067,P055,2024-01-21,4,5
O00493,C0277,P045,2024-01-21,4,10
O00494,C0129,P009,2024-01-21,2,0
O00495,C0409,P070,2024-01-21,5,10
O00496,C0090,P008,2024-01-21,4,30
O00497,C0057,P009,2024-01-21,1,25
O00498,C0339,P061,2024-01-21,2,0
O00499,C0444,P005,2024-01-21,5,15
O00500,C0014,P037,2024-01-21,2,25
O00501,C0068,P053,2024-01-21,1,15
O00502,C0008,P024,2024-01-21,5,40
O00503,C0184,P018,2024-01-21,2,20
O00504,C0405,P054,2024-01-21,3,10
O00505,C0404,P048,2024-01-22,1,0
O00506,C0122,P049,2024-01-22,1,15
O00507,C0302,P058,2024-01-22,1,5
O00508,C0166,P049,2024-01-22,3,15
O00509,C0009,P049,2024-01-22,3,5
O00510,C0090,P011,2024-01-22,4,25
O00511,C0136,P070,2024-01-22,2,0
O00512,C0027,P018,2024-01-22,4,15
O00513,C0065,P045,2024-01-22,2,30
O00514,C0380,P016,2024-01-22,3,15
O00515,C0216,P023,2024-01-22,3,40
O00516,C0270,P069,2024-01-22,4,30
O00517,C0059,P051,2024-01-22,5,0
O00518,C0382,P068,2024-01-22,4,40
O00519,C0033,P017,2024-01-22,2,15
O00520,C0244,P029,2024-01-22,4,5
O00521,C0230,P001,2024-01-22,1,15
O00522,C0399,P003,2024-01-22,2,10
O00523,C0186,P039,2024-01-22,2,25
O00524,C0263,P060,2024-01-22,5,20
O00525,C0304,P070,2024-01-22,3,5
O00526,C0056,P055,2024-01-22,2,10
O00527,C0232,P069,2024-01-22,3,30
O00528,C0258,P049,2024-01-22,4,25
O00529,C0114,P030,2024-01-23,1,0
O00530,C0485,P032,2024-01-23,5,5
O00531,C0315,P059,2024-01-23,3,20
O00532,C0023,P045,2024-01-23,2,25
O00533,C0373,P020,2024-01-23,3,30
O00534,C0402,P036,2024-01-23,2,40
O00535,C0466,P025,2024-01-23,3,40
O00536,C0444,P015,2024-01-23,2,20
O00537,C0338,P005,2024-01-23,4,0
O00538,C0267,P054,2024-01-23,2,0
O00539,C0155,P079,2024-01-23,2,30
O00540,C0235,P003,2024-01-23,1,5
O00541,C0330,P031,2024-01-23,2,30
O00542,C0494,P027,2024-01-23,1,15
O00543,C0016,P009,2024-01-23,5,0
O00544,C0032,P013,2024-01-23,1,25
O00545,C0246,P077,2024-01-23,4,15
O00546,C0434,P005,2024-01-23,1,40
O00547,C0206,P058,2024-01-23,5,40
O00548,C0219,P077,2024-01-23,4,10
O00549,C0352,P007,2024-01-23,3,20
O00550,C0056,P032,2024-01-23,3,15
O00551,C0252,P006,2024-01-23,1,20
O00552,C0365,P052,2024-01-23,1,30
O00553,C0466,P057,2024-01-24,5,15
O00554,C0228,P030,2024-01-24,5,30
O00555,C0038,P070,2024-01-24,2,10
O00556,C0461,P028,2024-01-24,5,0
O00557,C0042,P008,2024-01-24,2,40
O00558,C0165,P018,2024-01-24,4,10
O00559,C0312,P065,2024-01-24,1,40
O00560,C0076,P038,2024-01-24,4,0
O00561,C0034,P030,2024-01-24,5,30
O00562,C0065,P074,2024-01-24,4,0
O00563,C0141,P041,2024-01-24,4,40
O00564,C0320,P074,2024-01-24,4,40
O00565,C0325,P077,2024-01-24,5,20
O00566,C0300,P042,2024-01-24,4,25
O00567,C0281,P031,2024-01-24,2,10
O00568,C0365,P039,2024-01-24,5,15
O00569,C0167,P019,2024-01-24,4,40
O00570,C0196,P067,2024-01-24,5,10
O00571,C0306,P029,2024-01-24,3,20
O00572,C0272,P053,2024-01-24,2,0
O00573,C0151,P039,2024-01-24,4,20
O00574,C0233,P036,2024-01-24,3,5
O00575,C0259,P008,2024-01-24,3,5
O00576,C0310,P072,2024-01-24,5,15
O00577,C0221,P076,2024-01-25,3,20
O00578,C0051,P023,2024-01-25,2,30
O00579,C0407,P055,2024-01-25,2,15
O00580,C0360,P072,2024-01-25,1,30
O00581,C0059,P064,2024-01-25,2,15
O00582,C0437,P007,2024-01-25,3,5
O00583,C0336,P045,2024-01-25,2,15
O00584,C0334,P049,2024-01-25,5,5
O00585,C0450,P068,2024-01-25,1,40
O00586,C0394,P041,2024-01-25,3,0
O00587,C0283,P054,2024-01-25,1,30
O00588,C0370,P053,2024-01-25,3,20
O00589,C0444,P020,2024-01-25,5,40
O00590,C0111,P039,2024-01-25,1,40
O00591,C0221,P049,2024-01-25,4,15
O00592,C0232,P024,2024-01-25,3,5
O00593,C0455,P069,2024-01-25,4,10
O00594,C0117,P061,2024-01-25,1,30
O00595,C0212,P031,2024-01-25,4,40
O00596,C0174,P029,2024-01-25,4,15
O00597,C0424,P039,2024-01-25,1,25
O00598,C0233,P019,2024-01-25,5,0
O00599,C0205,P060,2024-01-25,4,0
O00600,C0213,P008,2024-01-25,4,10
O00601,C0374,P072,2024-01-26,5,5
O00602,C0049,P053,2024-01-26,4,15
O00603,C0161,P054,2024-01-26,4,30
O00604,C0219,P072,2024-01-26,4,5
O00605,C0161,P068,2024-01-26,2,0
O00606,C0341,P018,2024-01-26,5,5
O00607,C0131,P050,2024-01-26,4,0
O00608,C0192,P032,2024-01-26,5,5
O00609,C0489,P033,2024-01-26,3,10
O00610,C0079,P027,2024-01-26,3,20
O00611,C0352,P043,2024-01-26,4,10
O00612,C0473,P011,2024-01-26,5,10
O00613,C0243,P058,2024-01-26,5,20
O00614,C0035,P048,2024-01-26,5,20
O00615,C0047,P012,2024-01-26,2,40
O00616,C0426,P069,2024-01-26,3,40
O00617,C0044,P025,2024-01-26,5,15
O00618,C0048,P007,2024-01-26,5,30
O00619,C0222,P035,2024-01-26,2,30
O00620,C0050,P049,2024-01-26,2,15
O00621,C0382,P078,2024-01-26,5,10
O00622,C0379,P078,2024-01-26,1,10
O00623,C0191,P006,2024-01-26,5,0
O00624,C0416,P010,2024-01-26,5,0
O00625,C0067,P025,2024-01-27,2,30
O00626,C0285,P076,2024-01-27,2,15
O00627,C0031,P072,2024-01-27,5,25
O00628,C0301,P028,2024-01-27,5,40
O00629,C0490,P062,2024-01-27,5,25
O00630,C0288,P027,2024-01-27,2,15
O00631,C0288,P043,2024-01-27,5,0
O00632,C0169,P039,2024-01-27,5,30
O00633,C0344,P002,2024-01-27,4,30
O00634,C0063,P028,2024-01-27,1,0
O00635,C0211,P025,2024-01-27,3,25
O00636,C0182,P016,2024-01-27,1,5
O00637,C0448,P062,2024-01-27,4,5
O00638,C0341,P032,2024-01-27,3,0
O00639,C0482,P078,2024-01-27,5,5
O00640,C0385,P027,2024-01-27,4,20
O00641,C0217,P051,2024-01-27,5,15
O00642,C0445,P031,2024-01-27,2,15
O00643,C0469,P071,2024-01-27,4,0
O00644,C0370,P042,2024-01-27,2,10
O00645,C0027,P037,2024-01-27,4,40
O00646,C0496,P049,2024-01-27,4,25
O00647,C0148,P060,2024-01-27,2,0
O00648,C0308,P069,2024-01-27,3,5
O00649,C0160,P046,2024-01-28,1,25
O00650,C0181,P040,2024-01-28,5,10
O00651,C0054,P034,2024-01-28,4,5
O00652,C0296,P047,2024-01-28,5,30
O00653,C0260,P066,2024-01-28,2,40
O00654,C0109,P064,2024-01-28,5,20
O00655,C0080,P060,2024-01-28,2,5
O00656,C0337,P013,2024-01-28,5,20
O00657,C0247,P061,2024-01-28,1,25
O00658,C0115,P041,2024-01-28,1,20
O00659,C0434,P027,2024-01-28,1,25
O00660,C0056,P048,2024-01-28,1,25
O00661,C0180,P041,2024-01-28,1,25
O00662,C0433,P053,2024-01-28,1,25
O00663,C0285,P006,2024-01-28,2,25
O00664,C0189,P073,2024-01-28,4,5
O00665,C0059,P029,2024-01-28,5,25
O00666,C0391,P019,2024-01-28,1,5
O00667,C0143,P003,2024-01-28,2,25
O00668,C0294,P034,2024-01-28,2,20
O00669,C0116,P071,2024-01-28,2,30
O00670,C0414,P075,2024-01-28,4,25
O00671,C0220,P075,2024-01-28,5,10
O00672,C0433,P054,2024-01-28,4,25
O00673,C0288,P038,2024-01-29,3,25
O00674,C0499,P020,2024-01-29,2,20
O00675,C0393,P026,2024-01-29,3,40
O00676,C0420,P043,2024-01-29,1,15
O00677,C0319,P030,2024-01-29,1,20
O00678,C0315,P049,2024-01-29,4,10
O00679,C0346,P073,2024-01-29,5,15
O00680,C0330,P032,2024-01-29,3,0
O00681,C0286,P064,2024-01-29,5,0
O00682,C0014,P071,2024-01-29,4,40
O00683,C0312,P044,2024-01-29,1,10
O00684,C0476,P033,2024-01-29,5,20
O00685,C0337,P063,2024-01-29,5,5
O00686,C0425,P063,2024-01-29,1,10
O00687,C0356,P059,2024-01-29,3,30
O00688,C0137,P022,2024-01-29,1,15
O00689,C0015,P046,2024-01-29,5,15
O00690,C0093,P022,2024-01-29,3,25
O00691,C0140,P018,2024-01-29,3,0
O00692,C0360,P070,2024-01-29,1,40
O00693,C0391,P063,2024-01-29,5,15
O00694,C0159,P024,2024-01-29,4,10
O00695,C0472,P070,2024-01-29,5,15
O00696,C0174,P008,2024-01-29,2,40
O00697,C0180,P068,2024-01-30,4,40
O00698,C0004,P005,2024-01-30,3,40
O00699,C0093,P010,2024-01-30,4,10
O00700,C0446,P007,2024-01-30,3,5
O00701,C0074,P001,2024-01-30,3,25
O00702,C0290,P053,2024-01-30,4,0
O00703,C0337,P018,2024-01-30,3,15
O00704,C0206,P030,2024-01-30,3,10
O00705,C0036,P009,2024-01-30,2,20
O00706,C0073,P020,2024-01-30,5,0
O00707,C0380,P002,2024-01-30,5,5
O00708,C0325,P028,2024-01-30,2,10
O00709,C0498,P065,2024-01-30,4,30
O00710,C0016,P059,2024-01-30,1,30
O00711,C0047,P048,2024-01-30,1,25
O00712,C0383,P008,2024-01-30,1,25
O00713,C0272,P080,2024-01-30,2,5
O00714,C0111,P079,2024-01-30,2,5
O00715,C0193,P062,2024-01-30,3,25
O00716,C0215,P063,2024-01-30,1,15
O00717,C0233,P003,2024-01-30,4,15
O00718,C0175,P001,2024-01-30,4,10
O00719,C0081,P069,2024-01-30,1,20
O00720,C0190,P071,2024-01-30,1,10
O00721,C0160,P053,2024-01-31,1,20
O00722,C0370,P002,2024-01-31,2,5
O00723,C0167,P003,2024-01-31,2,0
O00724,C0398,P068,2024-01-31,2,10
O00725,C0483,P036,2024-01-31,5,10
O00726,C0291,P069,2024-01-31,4,20
O00727,C0306,P037,2024-01-31,4,40
O00728,C0044,P003,2024-01-31,3,5
O00729,C0453,P065,2024-01-31,2,5
O00730,C0027,P056,2024-01-31,5,30
O00731,C0080,P023,2024-01-31,5,40
O00732,C0081,P014,2024-01-31,4,20
O00733,C0387,P013,2024-01-31,2,5
O00734,C0317,P068,2024-01-31,3,40
O00735,C0026,P020,2024-01-31,2,25
O00736,C0346,P031,2024-01-31,1,40
O00737,C0042,P025,2024-01-31,2,15
O00738,C0140,P080,2024-01-31,1,30
O00739,C0227,P068,2024-01-31,1,25
O00740,C0339,P033,2024-01-31,3,0
O00741,C0218,P046,2024-01-31,4,10
O00742,C0249,P035,2024-01-31,2,30
O00743,C0311,P051,2024-01-31,1,0
O00744,C0227,P011,2024-01-31,2,10
O00745,C0213,P048,2024-02-01,4,15
O00746,C0140,P052,2024-02-01,4,40
O00747,C0111,P059,2024-02-01,5,5
O00748,C0387,P073,2024-02-01,4,25
O00749,C0263,P032,2024-02-01,3,20
O00750,C0059,P029,2024-02-01,1,25
O00751,C0177,P039,2024-02-01,5,15
O00752,C0221,P011,2024-02-01,3,0
O00753,C0057,P005,2024-02-01,2,20
O00754,C0146,P012,2024-02-01,1,5
O00755,C0348,P052,2024-02-01,4,15
O00756,C0348,P049,2024-02-01,1,20
O00757,C0304,P049,2024-02-01,2,15
O00758,C0250,P071,2024-02-01,5,40
O00759,C0270,P061,2024-02-01,5,15
O00760,C0342,P008,2024-02-01,5,5
O00761,C0158,P002,2024-02-01,4,30
O00762,C0024,P022,2024-02-01,3,10
O00763,C0113,P011,2024-02-01,3,20
O00764,C0203,P064,2024-02-01,1,40
O00765,C0307,P056,2024-02-01,4,5
O00766,C0029,P043,2024-02-01,5,15
O00767,C0004,P073,2024-02-01,5,40
O00768,C0105,P013,2024-02-01,2,5
O00769,C0155,P068,2024-02-02,2,30
O00770,C0485,P006,2024-02-02,5,40
O00771,C0109,P030,2024-02-02,5,40
O00772,C0393,P028,2024-02-02,4,10
O00773,C0071,P073,2024-02-02,3,25
O00774,C0392,P061,2024-02-02,2,20
O00775,C0131,P035,2024-02-02,3,10
O00776,C0149,P006,2024-02-02,4,0
O00777,C0168,P010,2024-02-02,5,20
O00778,C0062,P036,2024-02-02,3,10
O00779,C0004,P070,2024-02-02,5,15
O00780,C0255,P073,2024-02-02,5,20
O00781,C0383,P005,2024-02-02,1,20
O00782,C0221,P023,2024-02-02,3,5
O00783,C0090,P041,2024-02-02,3,15
O00784,C0067,P003,2024-02-02,5,0
O00785,C0195,P027,2024-02-02,4,25
O00786,C0273,P076,2024-02-02,1,40
O00787,C0361,P019,2024-02-02,5,30
O00788,C0118,P051,2024-02-02,2,10
O00789,C0257,P010,2024-02-02,2,5
O00790,C0287,P039,2024-02-02,1,10
O00791,C0427,P021,2024-02-02,4,0
O00792,C0343,P073,2024-02-02,5,40
O00793,C0413,P031,2024-02-03,3,0
O00794,C0182,P073,2024-02-03,1,20
O00795,C0037,P050,2024-02-03,4,30
O00796,C0204,P070,2024-02-03,3,0
O00797,C0442,P043,2024-02-03,2,10
O00798,C0380,P050,2024-02-03,2,15
O00799,C0022,P018,2024-02-03,3,15
O00800,C0224,P011,2024-02-03,1,20
O00801,C0010,P065,2024-02-03,2,25
O00802,C0236,P045,2024-02-03,5,10
O00803,C0472,P007,2024-02-03,3,10
O00804,C0040,P013,2024-02-03,3,0
O00805,C0442,P056,2024-02-03,2,30
O00806,C0161,P030,2024-02-03,1,10
O00807,C0295,P010,2024-02-03,5,5
O00808,C0220,P044,2024-02-03,1,25
O00809,C0294,P078,2024-02-03,4,0
O00810,C0208,P079,2024-02-03,4,5
O00811,C0364,P077,2024-02-03,2,20
O00812,C0328,P051,2024-02-03,2,15
O00813,C0214,P042,2024-02-03,2,20
O00814,C0149,P004,2024-02-03,4,15
O00815,C0059,P035,2024-02-03,1,20
O00816,C0208,P058,2024-02-03,1,10
O00817,C0011,P063,2024-02-04,2,5
O00818,C0495,P030,2024-02-04,5,15
O00819,C0167,P046,2024-02-04,1,0
O00820,C0088,P071,2024-02-04,4,5
O00821,C0411,P049,2024-02-04,3,0
O00822,C0486,P056,2024-02-04,3,5
O00823,C0317,P024,2024-02-04,3,5
O00824,C0236,P075,2024-02-04,5,20
O00825,C0426,P049,2024-02-04,2,15
O00826,C0354,P011,2024-02-04,4,15
O00827,C0471,P080,2024-02-04,5,30
O00828,C0186,P038,2024-02-04,4,5
O00829,C0046,P032,2024-02-04,4,10
O00830,C0224,P010,2024-02-04,2,10
O00831,C0433,P011,2024-02-04,3,0
O00832,C0055,P035,2024-02-04,2,0
O00833,C0125,P020,2024-02-04,5,20
O00834,C0224,P049,2024-02-04,5,5
O00835,C0302,P020,2024-02-04,5,0
O00836,C0206,P050,2024-02-04,2,0
O00837,C0269,P041,2024-02-04,4,25
O00838,C0041,P047,2024-02-04,4,5
O00839,C0203,P014,2024-02-04,1,40
O00840,C0446,P012,2024-02-04,5,20
O00841,C0159,P001,2024-02-05,4,0
O00842,C0382,P040,2024-02-05,1,20
O00843,C0174,P057,2024-02-05,4,15
O00844,C0114,P047,2024-02-05,5,20
O00845,C0171,P035,2024-02-05,3,40
O00846,C0399,P014,2024-02-05,5,10
O00847,C0087,P017,2024-02-05,2,40
O00848,C0040,P012,2024-02-05,4,10
O00849,C0262,P024,2024-02-05,4,20
O00850,C0325,P056,2024-02-05,2,10
O00851,C0059,P058,2024-02-05,2,15
O00852,C0272,P072,2024-02-05,3,5
O00853,C0262,P072,2024-02-05,4,10
O00854,C0100,P066,2024-02-05,4,10
O00855,C0464,P053,2024-02-05,3,20
O00856,C0398,P014,2024-02-05,1,15
O00857,C0179,P004,2024-02-05,3,30
O00858,C0180,P012,2024-02-05,5,30
O00859,C0373,P046,2024-02-05,4,30
O00860,C0491,P071,2024-02-05,2,30
O00861,C0420,P012,2024-02-05,5,5
O00862,C0331,P077,2024-02-05,4,40
O00863,C0418,P077,2024-02-05,3,20
O00864,C0076,P042,2024-02-05,5,20
O00865,C0121,P050,2024-02-06,4,25
O00866,C0053,P002,2024-02-06,1,15
O00867,C0075,P038,2024-02-06,1,30
O00868,C0132,P053,2024-02-06,2,5
O00869,C0102,P050,2024-02-06,4,15
O00870,C0089,P011,2024-02-06,1,30
O00871,C0309,P072,2024-02-06,3,5
O00872,C0079,P032,2024-02-06,4,15
O00873,C0390,P074,2024-02-06,3,20
O00874,C0389,P067,2024-02-06,3,20
O00875,C0336,P022,2024-02-06,1,40
O00876,C0039,P049,2024-02-06,4,0
O00877,C0091,P022,2024-02-06,5,40
O00878,C0488,P018,2024-02-06,1,10
O00879,C0396,P035,2024-02-06,1,40
O00880,C0322,P039,2024-02-06,4,30
O00881,C0253,P035,2024-02-06,4,25
O00882,C0238,P064,2024-02-06,3,15
O00883,C0387,P019,2024-02-06,4,25
O00884,C0289,P009,2024-02-06,3,0
O00885,C0390,P022,2024-02-06,1,10
O00886,C0297,P056,2024-02-06,2,15
O00887,C0230,P036,2024-02-06,5,5
O00888,C0349,P054,2024-02-06,1,30
O00889,C0474,P039,2024-02-07,4,10
O00890,C0452,P062,2024-02-07,5,20
O00891,C0290,P010,2024-02-07,2,0
O00892,C0330,P047,2024-02-07,2,10
O00893,C0326,P033,2024-02-07,3,30
O00894,C0320,P032,2024-02-07,5,40
O00895,C0166,P064,2024-02-07,3,10
O00896,C0443,P077,2024-02-07,1,40
O00897,C0498,P079,2024-02-07,5,30
O00898,C0322,P026,2024-02-07,1,20
O00899,C0162,P059,2024-02-07,3,15
O00900,C0078,P014,2024-02-07,5,5
O00901,C0226,P018,2024-02-07,3,20
O00902,C0035,P039,2024-02-07,5,40
O00903,C0241,P001,2024-02-07,3,40
O00904,C0227,P051,2024-02-07,2,5
O00905,C0324,P043,2024-02-07,3,15
O00906,C0156,P080,2024-02-07,2,10
O00907,C0408,P049,2024-02-07,3,5
O00908,C0141,P043,2024-02-07,5,0
O00909,C0303,P057,2024-02-07,5,0
O00910,C0029,P043,2024-02-07,5,30
O00911,C0181,P056,2024-02-07,4,20
O00912,C0260,P077,2024-02-07,1,40
O00913,C0038,P018,2024-02-08,5,15
O00914,C0159,P039,2024-02-08,2,30
O00915,C0237,P042,2024-02-08,5,20
O00916,C0232,P078,2024-02-08,4,20
O00917,C0020,P026,2024-02-08,2,30
O00918,C0030,P062,2024-02-08,4,25
O00919,C0189,P041,2024-02-08,2,20
O00920,C0426,P023,2024-02-08,3,25
O00921,C0147,P051,2024-02-08,1,0
O00922,C0040,P041,2024-02-08,1,0
O00923,C0331,P038,2024-02-08,4,20
O00924,C0443,P063,2024-02-08,1,0
O00925,C0438,P074,2024-02-08,4,15
O00926,C0047,P032,2024-02-08,4,25
O00927,C0315,P042,2024-02-08,4,25
O00928,C0305,P049,2024-02-08,1,20
O00929,C0260,P036,2024-02-08,4,0
O00930,C0197,P051,2024-02-08,1,5
O00931,C0237,P047,2024-02-08,4,40
O00932,C0298,P015,2024-02-08,5,30
O00933,C0284,P073,2024-02-08,4,30
O00934,C0489,P026,2024-02-08,2,25
O00935,C0406,P076,2024-02-08,4,20
O00936,C0379,P070,2024-02-08,3,20
O00937,C0459,P024,2024-02-09,4,15
O00938,C0022,P071,2024-02-09,2,10
O00939,C0231,P004,2024-02-09,2,40
O00940,C0466,P060,2024-02-09,1,10
O00941,C0415,P027,2024-02-09,5,25
O00942,C0293,P057,2024-02-09,4,30
O00943,C0334,P038,2024-02-09,1,15
O00944,C0097,P009,2024-02-09,5,15
O00945,C0165,P053,2024-02-09,4,15
O00946,C0310,P064,2024-02-09,3,25
O00947,C0244,P018,2024-02-09,4,10
O00948,C0257,P039,2024-02-09,2,30
O00949,C0078,P031,2024-02-09,2,15
O00950,C0491,P033,2024-02-09,3,30
O00951,C0032,P020,2024-02-09,1,0
O00952,C0231,P055,2024-02-09,5,20
O00953,C0053,P049,2024-02-09,4,20
O00954,C0416,P010,2024-02-09,2,30
O00955,C0461,P058,2024-02-09,1,5
O00956,C0429,P077,2024-02-09,3,5
O00957,C0176,P062,2024-02-09,2,25
O00958,C0366,P075,2024-02-09,3,25
O00959,C0044,P052,2024-02-09,4,20
O00960,C0259,P069,2024-02-09,5,0
O00961,C0331,P065,2024-02-10,2,40
O00962,C0089,P054,2024-02-10,2,10
O00963,C0021,P070,2024-02-10,4,10
O00964,C0127,P005,2024-02-10,1,25
O00965,C0363,P047,2024-02-10,5,0
O00966,C0225,P069,2024-02-10,2,25
O00967,C0225,P077,2024-02-10,5,40
O00968,C0269,P011,2024-02-10,2,10
O00969,C0268,P014,2024-02-10,5,30
O00970,C0313,P032,2024-02-10,3,25
O00971,C0082,P046,2024-02-10,2,15
O00972,C0187,P022,2024-02-10,5,30
O00973,C0191,P079,2024-02-10,1,40
O00974,C0470,P006,2024-02-10,3,40
O00975,C0145,P073,2024-02-10,3,25
O00976,C0199,P052,2024-02-10,1,20
O00977,C0210,P043,2024-02-10,5,25
O00978,C0397,P056,2024-02-10,4,20
O00979,C0174,P014,2024-02-10,1,40
O00980,C0348,P002,2024-02-10,5,0
O00981,C0307,P013,2024-02-10,1,40
O00982,C0027,P034,2024-02-10,1,10
O00983,C0405,P029,2024-02-10,2,30
O00984,C0324,P066,2024-02-10,5,30
O00985,C0332,P067,2024-02-11,4,5
O00986,C0172,P072,2024-02-11,2,5
O00987,C0034,P075,2024-02-11,1,40
O00988,C0169,P074,2024-02-11,1,10
O00989,C0049,P029,2024-02-11,1,5
O00990,C0286,P058,2024-02-11,5,30
O00991,C0348,P048,2024-02-11,5,25
O00992,C0198,P051,2024-02-11,2,0
O00993,C0146,P060,2024-02-11,4,0
O00994,C0130,P076,2024-02-11,2,10
O00995,C0371,P065,2024-02-11,3,40
O00996,C0437,P020,2024-02-11,1,5
O00997,C0337,P045,2024-02-11,1,25
O00998,C0494,P004,2024-02-11,1,0
O00999,C0465,P062,2024-02-11,2,0
O01000,C0309,P014,2024-02-11,2,15
O01001,C0448,P038,2024-02-11,1,40
O01002,C0077,P054,2024-02-11,2,15
O01003,C0171,P011,2024-02-11,5,30
O01004,C0042,P015,2024-02-11,5,0
O01005,C0299,P019,2024-02-11,2,10
O01006,C0340,P045,2024-02-11,1,20
O01007,C0073,P040,2024-02-11,2,20
O01008,C0470,P044,2024-02-11,2,25
O01009,C0180,P059,2024-02-12,2,0
O01010,C0159,P027,2024-02-12,3,0
O01011,C0496,P067,2024-02-12,5,30
O01012,C0336,P062,2024-02-12,4,0
O01013,C0358,P045,2024-02-12,4,10
O01014,C0340,P061,2024-02-12,3,15
O01015,C0201,P013,2024-02-12,2,0
O01016,C0067,P057,2024-02-12,3,0
O01017,C0305,P058,2024-02-12,3,30
O01018,C0363,P041,2024-02-12,1,40
O01019,C0481,P009,2024-02-12,5,5
O01020,C0044,P039,2024-02-12,4,40
O01021,C0159,P006,2024-02-12,2,30
O01022,C0287,P015,2024-02-12,4,40
O01023,C0193,P003,2024-02-12,4,30
O01024,C0330,P044,2024-02-12,5,10
O01025,C0406,P014,2024-02-12,4,25
O01026,C0169,P022,2024-02-12,4,0
O01027,C0417,P032,2024-02-12,3,30
O01028,C0066,P067,2024-02-12,5,30
O01029,C0344,P023,2024-02-12,1,5
O01030,C0360,P071,2024-02-12,2,30
O01031,C0425,P021,2024-02-12,4,20
O01032,C0485,P043,2024-02-12,2,25
O01033,C0379,P072,2024-02-13,1,0
O01034,C0351,P055,2024-02-13,2,0
O01035,C0468,P060,2024-02-13,1,5
O01036,C0270,P030,2024-02-13,3,10
O01037,C0048,P052,2024-02-13,4,0
O01038,C0331,P024,2024-02-13,1,20
O01039,C0344,P024,2024-02-13,2,0
O01040,C0217,P056,2024-02-13,4,20
O01041,C0261,P051,2024-02-13,3,25
O01042,C0186,P004,2024-02-13,4,25
O01043,C0010,P079,2024-02-13,1,15
O01044,C0186,P026,2024-02-13,3,15
O01045,C0159,P058,2024-02-13,2,20
O01046,C0093,P076,2024-02-13,3,10
O01047,C0487,P055,2024-02-13,3,0
O01048,C0110,P050,2024-02-13,5,30
O01049,C0175,P001,2024-02-13,3,0
O01050,C0486,P028,2024-02-13,3,15
O01051,C0393,P027,2024-02-13,4,40
O01052,C0249,P036,2024-02-13,2,30
O01053,C0099,P009,2024-02-13,4,20
O01054,C0116,P074,2024-02-13,4,30
O01055,C0071,P014,2024-02-13,1,40
O01056,C0080,P069,2024-02-13,4,0
O01057,C0040,P024,2024-02-14,5,0
O01058,C0152,P047,2024-02-14,5,10
O01059,C0433,P042,2024-02-14,1,5
O01060,C0404,P026,2024-02-14,2,30
O01061,C0052,P059,2024-02-14,2,15
O01062,C0260,P015,2024-02-14,4,40
O01063,C0395,P034,2024-02-14,4,40
O01064,C0277,P063,2024-02-14,4,40
O01065,C0428,P068,2024-02-14,2,15
O01066,C0379,P041,2024-02-14,3,5
O01067,C0453,P077,2024-02-14,5,0
O01068,C0270,P050,2024-02-14,3,10
O01069,C0020,P079,2024-02-14,3,10
O01070,C0339,P051,2024-02-14,2,15
O01071,C0173,P076,2024-02-14,3,10
O01072,C0449,P015,2024-02-14,1,40
O01073,C0393,P045,2024-02-14,4,25
O01074,C0317,P046,2024-02-14,1,5
O01075,C0068,P059,2024-02-14,5,0
O01076,C0306,P080,2024-02-14,4,25
O01077,C0193,P023,2024-02-14,3,5
O01078,C0079,P039,2024-02-14,5,20
O01079,C0084,P079,2024-02-14,4,30
O01080,C0093,P076,2024-02-14,3,15
O01081,C0426,P011,2024-02-15,1,40
O01082,C0355,P018,2024-02-15,4,10
O01083,C0395,P041,2024-02-15,3,20
O01084,C0320,P016,2024-02-15,1,10
O01085,C0415,P031,2024-02-15,5,25
O01086,C0463,P040,2024-02-15,5,0
O01087,C0085,P015,2024-02-15,5,0
O01088,C0370,P024,2024-02-15,5,0
O01089,C0225,P048,2024-02-15,2,40
O01090,C0023,P019,2024-02-15,4,10
O01091,C0211,P066,2024-02-15,4,20
O01092,C0187,P050,2024-02-15,2,0
O01093,C0347,P054,2024-02-15,3,20
O01094,C0369,P077,2024-02-15,3,10
O01095,C0122,P018,2024-02-15,5,40
O01096,C0497,P074,2024-02-15,1,25
O01097,C0228,P050,2024-02-15,3,40
O01098,C0313,P055,2024-02-15,1,20
O01099,C0146,P024,2024-02-15,4,40
O01100,C0386,P063,2024-02-15,1,40
O01101,C0384,P069,2024-02-15,4,25
O01102,C0402,P023,2024-02-15,2,10
O01103,C0230,P072,2024-02-15,2,10
O01104,C0120,P022,2024-02-15,5,15
O01105,C0274,P063,2024-02-16,3,40
O01106,C0123,P037,2024-02-16,5,10
O01107,C0159,P018,2024-02-16,4,10
O01108,C0495,P024,2024-02-16,5,5
O01109,C0415,P041,2024-02-16,1,0
O01110,C0402,P058,2024-02-16,4,15
O01111,C0241,P080,2024-02-16,2,30
O01112,C0463,P007,2024-02-16,3,15
O01113,C0428,P046,2024-02-16,4,15
O01114,C0100,P002,2024-02-16,4,30
O01115,C0189,P063,2024-02-16,1,5
O01116,C0348,P018,2024-02-16,3,40
O01117,C0485,P025,2024-02-16,2,25
O01118,C0293,P050,2024-02-16,4,10
O01119,C0226,P072,2024-02-16,4,0
O01120,C0237,P065,2024-02-16,1,20
O01121,C0394,P064,2024-02-16,5,40
O01122,C0145,P053,2024-02-16,2,30
O01123,C0399,P063,2024-02-16,3,25
O01124,C0196,P054,2024-02-16,4,40
O01125,C0258,P057,2024-02-16,4,30
O01126,C0271,P063,2024-02-16,2,10
O01127,C0215,P022,2024-02-16,5,5
O01128,C0495,P011,2024-02-16,4,40
O01129,C0083,P073,2024-02-17,2,30
O01130,C0419,P004,2024-02-17,1,10
O01131,C0103,P029,2024-02-17,5,10
O01132,C0411,P038,2024-02-17,3,5
O01133,C0310,P005,2024-02-17,4,15
O01134,C0071,P036,2024-02-17,2,40
O01135,C0447,P029,2024-02-17,1,40
O01136,C0129,P069,2024-02-17,3,15
O01137,C0027,P037,2024-02-17,2,0
O01138,C0329,P022,2024-02-17,2,0
O01139,C0247,P059,2024-02-17,3,15
O01140,C0448,P073,2024-02-17,1,25
O01141,C0191,P064,2024-02-17,1,20
O01142,C0284,P071,2024-02-17,5,10
O01143,C0479,P066,2024-02-17,4,20
O01144,C0053,P015,2024-02-17,3,10
O01145,C0365,P074,2024-02-17,3,15
O01146,C0434,P015,2024-02-17,3,0
O01147,C0265,P035,2024-02-17,1,25
O01148,C0436,P070,2024-02-17,4,0
O01149,C0064,P047,2024-02-17,5,20
O01150,C0146,P070,2024-02-17,2,0
O01151,C0043,P006,2024-02-17,2,15
O01152,C0391,P057,2024-02-17,3,25
O01153,C0083,P070,2024-02-18,4,20
O01154,C0140,P028,2024-02-18,1,25
O01155,C0231,P055,2024-02-18,4,40
O01156,C0464,P014,2024-02-18,4,10
O01157,C0263,P032,2024-02-18,1,0
O01158,C0076,P039,2024-02-18,3,25
O01159,C0426,P005,2024-02-18,4,5
O01160,C0224,P058,2024-02-18,2,40
O01161,C0047,P034,2024-02-18,1,0
O01162,C0485,P045,2024-02-18,5,10
O01163,C0467,P012,2024-02-18,3,25
O01164,C0114,P057,2024-02-18,1,20
O01165,C0419,P016,2024-02-18,5,10
O01166,C0231,P031,2024-02-18,5,5
O01167,C0453,P027,2024-02-18,4,25
O01168,C0179,P076,2024-02-18,4,30
O01169,C0477,P045,2024-02-18,4,30
O01170,C0014,P079,2024-02-18,1,15
O01171,C0213,P055,2024-02-18,1,0
O01172,C0028,P022,2024-02-18,3,20
O01173,C0203,P079,2024-02-18,4,15
O01174,C0258,P018,2024-02-18,5,25
O01175,C0192,P027,2024-02-18,2,30
O01176,C0121,P027,2024-02-18,3,30
O01177,C0198,P008,2024-02-19,1,30
O01178,C0042,P073,2024-02-19,3,25
O01179,C0192,P045,2024-02-19,3,30
O01180,C0115,P069,2024-02-19,3,10
O01181,C0015,P036,2024-02-19,3,40
O01182,C0164,P077,2024-02-19,2,25
O01183,C0477,P069,2024-02-19,4,20
O01184,C0051,P022,2024-02-19,5,40
O01185,C0430,P042,2024-02-19,3,15
O01186,C0366,P038,2024-02-19,3,20
O01187,C0333,P038,2024-02-19,3,40
O01188,C0172,P074,2024-02-19,4,5
O01189,C0406,P035,2024-02-19,1,30
O01190,C0075,P066,2024-02-19,1,5
O01191,C0071,P013,2024-02-19,2,0
O01192,C0020,P018,2024-02-19,1,0
O01193,C0147,P053,2024-02-19,3,40
O01194,C0470,P008,2024-02-19,3,5
O01195,C0425,P036,2024-02-19,3,25
O01196,C0242,P017,2024-02-19,2,20
O01197,C0357,P017,2024-02-19,3,5
O01198,C0426,P032,2024-02-19,1,0
O01199,C0072,P019,2024-02-19,4,5
O01200,C0389,P042,2024-02-19,4,25
O01201,C0362,P032,2024-02-20,5,5
O01202,C0241,P051,2024-02-20,1,20
O01203,C0230,P063,2024-02-20,3,15
O01204,C0316,P019,2024-02-20,4,25
O01205,C0003,P074,2024-02-20,1,0
O01206,C0464,P035,2024-02-20,4,20
O01207,C0041,P054,2024-02-20,3,5
O01208,C0010,P049,2024-02-20,4,5
O01209,C0132,P058,2024-02-20,5,15
O01210,C0111,P010,2024-02-20,5,0
O01211,C0428,P012,2024-02-20,4,0
O01212,C0077,P052,2024-02-20,1,10
O01213,C0281,P066,2024-02-20,1,0
O01214,C0482,P036,2024-02-20,1,15
O01215,C0373,P048,2024-02-20,4,30
O01216,C0312,P059,2024-02-20,1,10
O01217,C0271,P063,2024-02-20,3,10
O01218,C0217,P042,2024-02-20,5,5
O01219,C0057,P075,2024-02-20,3,5
O01220,C0398,P001,2024-02-20,1,0
O01221,C0148,P012,2024-02-20,3,10
O01222,C0122,P059,2024-02-20,1,40
O01223,C0155,P046,2024-02-20,4,5
O01224,C0063,P009,2024-02-20,3,15
O01225,C0025,P069,2024-02-21,4,40
O01226,C0123,P051,2024-02-21,4,5
O01227,C0215,P028,2024-02-21,2,25
O01228,C0328,P055,2024-02-21,1,25
O01229,C0407,P028,2024-02-21,5,5
O01230,C0319,P064,2024-02-21,1,10
O01231,C0235,P035,2024-02-21,5,30
O01232,C0033,P042,2024-02-21,1,30
O01233,C0057,P037,2024-02-21,4,10
O01234,C0429,P044,2024-02-21,3,20
O01235,C0464,P071,2024-02-21,3,30
O01236,C0256,P074,2024-02-21,2,25
O01237,C0306,P017,2024-02-21,5,15
O01238,C0275,P073,2024-02-21,5,10
O01239,C0009,P063,2024-02-21,5,0
O01240,C0324,P044,2024-02-21,4,25
O01241,C0264,P007,2024-02-21,5,15
O01242,C0295,P006,2024-02-21,3,15
O01243,C0124,P013,2024-02-21,4,10
O01244,C0368,P059,2024-02-21,1,15
O01245,C0074,P003,2024-02-21,5,10
O01246,C0150,P016,2024-02-21,5,30
O01247,C0220,P021,2024-02-21,1,5
O01248,C0001,P057,2024-02-21,5,25
O01249,C0315,P059,2024-02-22,1,20
O01250,C0181,P001,2024-02-22,4,5
O01251,C0124,P055,2024-02-22,3,25
O01252,C0293,P026,2024-02-22,1,10
O01253,C0214,P017,2024-02-22,2,25
O01254,C0096,P039,2024-02-22,1,30
O01255,C0341,P021,2024-02-22,5,10
O01256,C0343,P036,2024-02-22,4,5
O01257,C0044,P012,2024-02-22,4,0
O01258,C0269,P047,2024-02-22,1,0
O01259,C0500,P033,2024-02-22,3,40
O01260,C0185,P011,2024-02-22,2,40
O01261,C0035,P048,2024-02-22,4,25
O01262,C0489,P022,2024-02-22,5,0
O01263,C0270,P007,2024-02-22,5,10
O01264,C0279,P051,2024-02-22,3,15
O01265,C0260,P040,2024-02-22,4,10
O01266,C0403,P030,2024-02-22,1,15
O01267,C0260,P055,2024-02-22,5,5
O01268,C0284,P012,2024-02-22,3,20
O01269,C0011,P013,2024-02-22,4,15
O01270,C0200,P001,2024-02-22,4,0
O01271,C0448,P028,2024-02-22,4,10
O01272,C0241,P062,2024-02-22,4,5
O01273,C0023,P010,2024-02-23,4,0
O01274,C0326,P017,2024-02-23,5,5
O01275,C0199,P076,2024-02-23,3,20
O01276,C0192,P029,2024-02-23,4,30
O01277,C0130,P067,2024-02-23,2,10
O01278,C0383,P057,2024-02-23,2,25
O01279,C0009,P002,2024-02-23,3,10
O01280,C0183,P002,2024-02-23,1,40
O01281,C0404,P044,2024-02-23,1,20
O01282,C0035,P016,2024-02-23,1,10
O01283,C0177,P055,2024-02-23,2,40
O01284,C0124,P017,2024-02-23,1,25
O01285,C0376,P062,2024-02-23,5,15
O01286,C0337,P010,2024-02-23,4,5
O01287,C0322,P030,2024-02-23,2,25
O01288,C0054,P050,2024-02-23,3,0
O01289,C0396,P012,2024-02-23,3,20
O01290,C0298,P014,2024-02-23,4,15
O01291,C0377,P014,2024-02-23,2,0
O01292,C0388,P041,2024-02-23,1,0
O01293,C0171,P048,2024-02-23,1,20
O01294,C0069,P039,2024-02-23,5,15
O01295,C0023,P018,2024-02-23,5,30
O01296,C0181,P049,2024-02-23,1,0
O01297,C0280,P018,2024-02-24,3,0
O01298,C0174,P019,2024-02-24,3,15
O01299,C0417,P009,2024-02-24,5,10
O01300,C0330,P068,2024-02-24,4,0
O01301,C0090,P073,2024-02-24,1,5
O01302,C0426,P002,2024-02-24,5,15
O01303,C0399,P079,2024-02-24,5,0
O01304,C0351,P022,2024-02-24,1,20
O01305,C0238,P057,2024-02-24,1,25
O01306,C0357,P045,2024-02-24,3,5
O01307,C0246,P028,2024-02-24,4,40
O01308,C0324,P020,2024-02-24,4,40
O01309,C0094,P053,2024-02-24,1,25
O01310,C0416,P079,2024-02-24,2,40
O01311,C0070,P057,2024-02-24,5,25
O01312,C0033,P028,2024-02-24,5,0
O01313,C0367,P012,2024-02-24,1,5
O01314,C0398,P013,2024-02-24,2,5
O01315,C0484,P018,2024-02-24,3,10
O01316,C0235,P016,2024-02-24,1,25
O01317,C0019,P076,2024-02-24,1,5
O01318,C0151,P050,2024-02-24,5,10
O01319,C0104,P045,2024-02-24,1,15
O01320,C0023,P055,2024-02-24,1,10
O01321,C0406,P041,2024-02-25,1,20
O01322,C0103,P018,2024-02-25,5,30
O01323,C0454,P032,2024-02-25,3,0
O01324,C0022,P036,2024-02-25,3,15
O01325,C0162,P011,2024-02-25,1,30
O01326,C0478,P032,2024-02-25,5,30
O01327,C0159,P071,2024-02-25,3,15
O01328,C0264,P077,2024-02-25,3,20
O01329,C0204,P077,2024-02-25,3,10
O01330,C0418,P078,2024-02-25,5,0
O01331,C0279,P037,2024-02-25,5,10
O01332,C0243,P004,2024-02-25,1,5
O01333,C0130,P039,2024-02-25,4,10
O01334,C0019,P027,2024-02-25,3,40
O01335,C0386,P067,2024-02-25,4,15
O01336,C0332,P078,2024-02-25,5,0
O01337,C0098,P066,2024-02-25,5,10
O01338,C0147,P025,2024-02-25,5,0
O01339,C0183,P051,2024-02-25,4,0
O01340,C0442,P038,2024-02-25,5,5
O01341,C0400,P007,2024-02-25,1,5
O01342,C0025,P031,2024-02-25,5,15
O01343,C0444,P064,2024-02-25,2,20
O01344,C0336,P050,2024-02-25,4,40
O01345,C0170,P015,2024-02-26,2,30
O01346,C0140,P031,2024-02-26,5,0
O01347,C0064,P064,2024-02-26,1,20
O01348,C0410,P077,2024-02-26,3,30
O01349,C0189,P010,2024-02-26,5,30
O01350,C0224,P068,2024-02-26,1,40
O01351,C0456,P002,2024-02-26,4,15
O01352,C0205,P047,2024-02-26,2,30
O01353,C0381,P041,2024-02-26,2,40
O01354,C0226,P017,2024-02-26,2,30
O01355,C0459,P050,2024-02-26,4,0
O01356,C0490,P073,2024-02-26,1,0
O01357,C0198,P054,2024-02-26,4,25
O01358,C0174,P047,2024-02-26,2,20
O01359,C0499,P070,2024-02-26,5,10
O01360,C0096,P023,2024-02-26,3,40
O01361,C0255,P061,2024-02-26,4,5
O01362,C0355,P010,2024-02-26,4,40
O01363,C0255,P003,2024-02-26,1,10
O01364,C0189,P076,2024-02-26,1,20
O01365,C0474,P009,2024-02-26,4,5
O01366,C0409,P002,2024-02-26,2,10
O01367,C0266,P034,2024-02-26,3,25
O01368,C0137,P028,2024-02-26,1,5
O01369,C0411,P006,2024-02-27,2,0
O01370,C0043,P008,2024-02-27,5,10
O01371,C0373,P051,2024-02-27,1,40
O01372,C0218,P065,2024-02-27,2,5
O01373,C0041,P037,2024-02-27,2,25
O01374,C0221,P065,2024-02-27,3,40
O01375,C0309,P054,2024-02-27,3,30
O01376,C0422,P055,2024-02-27,5,5
O01377,C0093,P052,2024-02-27,2,5
O01378,C0280,P011,2024-02-27,2,25
O01379,C0151,P069,2024-02-27,3,30
O01380,C0165,P069,2024-02-27,1,10
O01381,C0053,P079,2024-02-27,1,15
O01382,C0041,P020,2024-02-27,4,10
O01383,C0168,P036,2024-02-27,3,30
O01384,C0339,P011,2024-02-27,4,20
O01385,C0152,P040,2024-02-27,3,40
O01386,C0157,P011,2024-02-27,5,25
O01387,C0229,P066,2024-02-27,2,10
O01388,C0309,P027,2024-02-27,5,5
O01389,C0368,P020,2024-02-27,3,25
O01390,C0219,P069,2024-02-27,2,0
O01391,C0086,P042,2024-02-27,1,30
O01392,C0354,P051,2024-02-27,1,40
O01393,C0228,P076,2024-02-28,4,10
O01394,C0180,P009,2024-02-28,3,25
O01395,C0229,P040,2024-02-28,3,40
O01396,C0022,P056,2024-02-28,1,10
O01397,C0373,P031,2024-02-28,5,25
O01398,C0446,P008,2024-02-28,2,5
O01399,C0467,P032,2024-02-28,5,0
O01400,C0181,P012,2024-02-28,5,0
O01401,C0315,P056,2024-02-28,1,20
O01402,C0223,P015,2024-02-28,1,25
O01403,C0141,P059,2024-02-28,1,10
O01404,C0328,P079,2024-02-28,4,0
O01405,C0406,P078,2024-02-28,5,30
O01406,C0486,P008,2024-02-28,3,0
O01407,C0030,P040,2024-02-28,2,15
O01408,C0039,P023,2024-02-28,4,15
O01409,C0344,P016,2024-02-28,3,0
O01410,C0327,P002,2024-02-28,5,25
O01411,C0208,P018,2024-02-28,1,20
O01412,C0187,P002,2024-02-28,5,0
O01413,C0263,P021,2024-02-28,2,5
O01414,C0411,P064,2024-02-28,4,40
O01415,C0384,P045,2024-02-28,4,10
O01416,C0348,P067,2024-02-28,2,20
O01417,C0082,P067,2024-02-29,3,5
O01418,C0488,P034,2024-02-29,3,20
O01419,C0016,P022,2024-02-29,4,5
O01420,C0074,P048,2024-02-29,4,10
O01421,C0435,P017,2024-02-29,1,10
O01422,C0312,P035,2024-02-29,3,15
O01423,C0348,P016,2024-02-29,2,25
O01424,C0401,P004,2024-02-29,3,5
O01425,C0225,P043,2024-02-29,1,40
O01426,C0018,P055,2024-02-29,4,15
O01427,C0065,P035,2024-02-29,4,5
O01428,C0035,P068,2024-02-29,1,15
O01429,C0121,P009,2024-02-29,2,10
O01430,C0399,P034,2024-02-29,4,20
O01431,C0331,P074,2024-02-29,5,30
O01432,C0188,P010,2024-02-29,4,15
O01433,C0186,P064,2024-02-29,5,5
O01434,C0197,P059,2024-02-29,1,5
O01435,C0487,P066,2024-02-29,1,30
O01436,C0291,P047,2024-02-29,4,25
O01437,C0017,P008,2024-02-29,3,40
O01438,C0310,P064,2024-02-29,5,10
O01439,C0079,P073,2024-02-29,2,5
O01440,C0348,P022,2024-02-29,4,0
O01441,C0231,P048,2024-03-01,2,20
O01442,C0486,P021,2024-03-01,4,15
O01443,C0190,P033,2024-03-01,3,25
O01444,C0191,P014,2024-03-01,3,40
O01445,C0228,P074,2024-03-01,3,30
O01446,C0391,P015,2024-03-01,3,20
O01447,C0040,P030,2024-03-01,1,10
O01448,C0294,P066,2024-03-01,1,25
O01449,C0071,P001,2024-03-01,5,40
O01450,C0272,P006,2024-03-01,2,15
O01451,C0188,P002,2024-03-01,4,15
O01452,C0204,P032,2024-03-01,4,30
O01453,C0161,P006,2024-03-01,1,0
O01454,C0333,P061,2024-03-01,4,30
O01455,C0143,P047,2024-03-01,1,10
O01456,C0128,P050,2024-03-01,5,25
O01457,C0492,P020,2024-03-01,2,25
O01458,C0059,P023,2024-03-01,5,5
O01459,C0014,P005,2024-03-01,3,0
O01460,C0377,P071,2024-03-01,3,0
O01461,C0096,P054,2024-03-01,3,25
O01462,C0256,P029,2024-03-01,5,25
O01463,C0266,P042,2024-03-01,4,20
O01464,C0199,P032,2024-03-01,2,40
O01465,C0468,P054,2024-03-02,3,20
O01466,C0288,P041,2024-03-02,3,20
O01467,C0061,P035,2024-03-02,3,0
O01468,C0135,P010,2024-03-02,2,5
O01469,C0397,P074,2024-03-02,3,15
O01470,C0134,P048,2024-03-02,2,20
O01471,C0361,P016,2024-03-02,3,5
O01472,C0229,P065,2024-03-02,5,30
O01473,C0110,P007,2024-03-02,5,10
O01474,C0314,P023,2024-03-02,2,20
O01475,C0147,P029,2024-03-02,5,30
O01476,C0356,P067,2024-03-02,2,15
O01477,C0470,P006,2024-03-02,5,10
O01478,C0252,P052,2024-03-02,5,10
O01479,C0103,P009,2024-03-02,2,15
O01480,C0063,P060,2024-03-02,4,20
O01481,C0070,P037,2024-03-02,5,0
O01482,C0437,P040,2024-03-02,3,15
O01483,C0038,P042,2024-03-02,4,15
O01484,C0232,P012,2024-03-02,2,15
O01485,C0089,P071,2024-03-02,4,10
O01486,C0461,P059,2024-03-02,1,40
O01487,C0366,P002,2024-03-02,1,5
O01488,C0228,P048,2024-03-02,5,30
O01489,C0045,P026,2024-03-03,5,0
O01490,C0415,P038,2024-03-03,3,20
O01491,C0350,P073,2024-03-03,4,20
O01492,C0496,P039,2024-03-03,1,30
O01493,C0433,P080,2024-03-03,5,5
O01494,C0164,P032,2024-03-03,4,15
O01495,C0342,P060,2024-03-03,5,40
O01496,C0178,P048,2024-03-03,5,0
O01497,C0364,P076,2024-03-03,1,20
O01498,C0034,P064,2024-03-03,1,30
O01499,C0282,P026,2024-03-03,5,25
O01500,C0278,P070,2024-03-03,2,40
